fixture,candidate,peak,rms,crest,dc_mean,pre_peak,max_gr_db,avg_gr_db,gr_gt_0p1,gr_gt_1,hard_clamps,modal_sat,nonfinite,active_voices,steals,body_rms,buzz_delta_rms,upper_fundamental_db
note50_v30,B,0.03151014075,0.004995606326,6.307570831,-7.757787696e-12,0.03151014075,0,0,0,0,0,0,0,1,0,9.953566405e-06,0,-24.10151099
note50_v70,B,0.07531757653,0.009685938602,7.775970881,-2.739640574e-11,0.07531757653,0,0,0,0,0,0,0,1,0,1.899894596e-05,8.270459119e-06,-12.30152688
note50_v110,B,0.1430409104,0.0154960082,9.230823094,-3.227129734e-11,0.1430409104,0,0,0,0,0,0,0,1,0,2.950942144e-05,8.565593365e-05,-7.426295371
note50_v127,B,0.1691371351,0.01739392533,9.723919816,2.954847231e-11,0.1691371351,0,0,0,0,0,0,0,1,0,3.266562271e-05,0.0001591931384,-6.164000411
note57_v30,B,0.03154908121,0.004551541381,6.931515846,-2.803669001e-12,0.03154908121,0,0,0,0,0,0,0,1,0,9.953281733e-06,0,-24.18681532
note57_v70,B,0.07574315369,0.008833330472,8.574699422,2.092242034e-12,0.07574315369,0,0,0,0,0,0,0,1,0,1.899875133e-05,1.658818528e-05,-12.63515074
note57_v110,B,0.1451623142,0.01413023815,10.27316827,4.155218549e-11,0.1451623142,0,0,0,0,0,0,0,1,0,2.950921771e-05,0.0001887949961,-7.775216531
note57_v127,B,0.1726580858,0.01586287195,10.88441528,5.430289699e-11,0.1726580858,0,0,0,0,0,0,0,1,0,3.26648551e-05,0.0003578938007,-6.50840003
note62_v30,B,0.0312901102,0.004211846234,7.429072302,1.164153218e-12,0.0312901102,0,0,0,0,0,0,0,1,0,9.953078006e-06,0,-24.59550955
note62_v70,B,0.07592324913,0.008184219091,9.276786005,8.574311828e-12,0.07592324913,0,0,0,0,0,0,0,1,0,1.899821473e-05,1.663472617e-05,-12.98759434
note62_v110,B,0.1451603472,0.01309244712,11.087335,1.892234044e-11,0.1451603472,0,0,0,0,0,0,0,1,0,2.950871385e-05,0.000158841344,-8.095225695
note62_v127,B,0.1721176803,0.0147030716,11.70623969,-4.155380237e-13,0.1721176803,0,0,0,0,0,0,0,1,0,3.266469139e-05,0.000289441243,-6.816728531
note69_v30,B,0.03086989,0.003724984689,8.287252856,1.004082151e-12,0.03086989,0,0,0,0,0,0,0,1,0,9.95290884e-06,0,-25.048228
note69_v70,B,0.07537917793,0.007223309147,10.43554642,2.650065451e-12,0.07537917793,0,0,0,0,0,0,0,1,0,1.899833296e-05,3.201887798e-05,-13.55615596
note69_v110,B,0.1468345821,0.01156214052,12.69960193,-3.41484944e-12,0.1468345821,0,0,0,0,0,0,0,1,0,2.950873022e-05,0.000326928187,-8.695411136
note69_v127,B,0.1751439124,0.01298549681,13.48765588,-1.641132662e-12,0.1751439124,0,0,0,0,0,0,0,1,0,3.266463682e-05,0.0005669656442,-7.444326567
note74_v30,B,0.03038043156,0.003354697979,9.056085451,2.179553525e-12,0.03038043156,0,0,0,0,0,0,0,1,0,9.952846995e-06,0,-25.62400721
note74_v70,B,0.07305770367,0.006501471227,11.23710328,6.596868237e-13,0.07305770367,0,0,0,0,0,0,0,1,0,1.899770723e-05,4.401845989e-05,-14.1516285
note74_v110,B,0.1354792565,0.01043100627,12.98812914,-2.658149848e-12,0.1354792565,0,0,0,0,0,0,0,1,0,2.95085174e-05,0.000424895904,-9.174086721
note74_v127,B,0.1664861441,0.01174160462,14.17916456,-5.654227506e-12,0.1664861441,0,0,0,0,0,0,0,1,0,3.266463682e-05,0.0007654647305,-7.869938181
D3_v70,A,0.07218910009,0.01080008171,6.684125362,2.20121971e-11,0.07218910009,0,0,0,0,0,0,0,1,0,3.68252222e-05,0,-20.06969268
D3_v70,B,0.07531757653,0.009685938602,7.775970881,-2.739640574e-11,0.07531757653,0,0,0,0,0,0,0,1,0,1.899894596e-05,0,-12.30152688
D3_v70,C,0.04723994061,0.005040925618,9.371283014,3.941467084e-11,0.04723994061,0,0,0,0,0,0,0,1,0,5.462933586e-06,0,-7.485457679
D4_v70,A,0.07176753134,0.009112792897,7.875470467,-1.539107567e-11,0.07176753134,0,0,0,0,0,0,0,1,0,3.682339229e-05,0,-20.78072303
D4_v70,B,0.07592324913,0.008184219091,9.276786005,8.574311828e-12,0.07592324913,0,0,0,0,0,0,0,1,0,1.899821473e-05,0,-12.98759434
D4_v70,C,0.04728052393,0.004264389784,11.08728947,1.383078698e-11,0.04728052393,0,0,0,0,0,0,0,1,0,5.462950412e-06,0,-8.051583555
D4_v110,A,0.1241376549,0.01422777667,8.725021329,2.623710316e-11,0.1241376549,0,0,0,0,0,0,0,1,0,5.717487511e-05,0,-16.01146683
D4_v110,B,0.1451603472,0.01309244712,11.087335,1.892234044e-11,0.1451603472,0,0,0,0,0,0,0,1,0,2.950871385e-05,0,-8.095225695
D4_v110,C,0.1129404977,0.007269173883,15.53690963,2.942720635e-12,0.1129404977,0,0,0,0,0,0,0,1,0,8.484626051e-06,0,-2.951946343
chord,A,0.305282414,0.02150383531,14.19664955,1.032806564e-05,0.305282414,0,0,0,0,0,0,0,4,0,0.0002287106909,0,0
chord,B,0.3329853714,0.01984328023,16.78076243,1.018688354e-05,0.3329853714,0,0,0,0,0,0,0,4,0,0.0001180361724,0,0
chord,C,0.2929270566,0.0112005935,26.15281561,5.905174642e-06,0.2929270566,0,0,0,0,0,0,0,4,0,3.393893712e-05,0,0
groove,A,0.1569091082,0.0466011533,3.367064912,-3.803609933e-06,0.1569091082,0,0,0,0,0,0,0,7,0,0.0002585715847,0,0
groove,B,0.1430409104,0.04242160396,3.371888307,-3.066509223e-06,0.1430409104,0,0,0,0,0,0,0,7,0,0.0001336987189,0,0
groove,C,0.09938789159,0.02306855886,4.308370201,-1.707927272e-06,0.09938789159,0,0,0,0,0,0,0,7,0,3.848726919e-05,0,0
D4_v70_buzz_off,B,0.07584646344,0.008183157816,9.268605732,-1.727312338e-11,0.07584646344,0,0,0,0,0,0,0,1,0,1.899821473e-05,0,0
D4_v70_buzz_on,B,0.07592324913,0.008184219091,9.276786005,8.574311828e-12,0.07592324913,0,0,0,0,0,0,0,1,0,1.899821473e-05,1.663472617e-05,0
D4_v110_buzz_off,B,0.1440343112,0.0130763545,11.01486742,4.297665631e-12,0.1440343112,0,0,0,0,0,0,0,1,0,2.950871385e-05,0,0
D4_v110_buzz_on,B,0.1451603472,0.01309244712,11.087335,1.892234044e-11,0.1451603472,0,0,0,0,0,0,0,1,0,2.950871385e-05,0.000158841344,0
groove_buzz_off,B,0.1422849894,0.04239961393,3.355808607,-3.074876285e-06,0.1422849894,0,0,0,0,0,0,0,7,0,0.0001336987189,0,0
groove_buzz_on,B,0.1430409104,0.04242160396,3.371888307,-3.066509223e-06,0.1430409104,0,0,0,0,0,0,0,7,0,0.0001336987189,0.0003865478484,0
cluster8,A,0.649389267,0.03006502887,21.59948922,3.539486373e-05,0.649389267,0,0,0,0,0,0,0,8,0,0.000506565033,0,0
cluster8,B,0.8404685259,0.02809699392,29.913112,3.545901531e-05,0.8404685259,0,0,0,0,0,0,0,8,0,0.0002613183169,0,0
cluster8,C,0.8186681271,0.01629426006,50.24273111,2.094598262e-05,0.8186681271,0,0,0,0,0,0,0,8,0,7.514485333e-05,0,0
restrike100,A,0.1134029031,0.01243100864,9.122582597,1.657463145e-11,0.1134029031,0,0,0,0,0,0,0,1,0,6.161784404e-05,0,0
restrike100,B,0.1298754662,0.01160099431,11.19520127,2.580377946e-11,0.1298754662,0,0,0,0,0,0,0,1,0,3.188111441e-05,0,0
restrike100,C,0.1023469567,0.006617608425,15.46585264,1.785681686e-11,0.1023469567,0,0,0,0,0,0,0,1,0,9.116357433e-06,0,0
restrike250,A,0.110462822,0.01254641114,8.804336218,1.535550432e-11,0.110462822,0,0,0,0,0,0,0,1,0,6.057283099e-05,0,0
restrike250,B,0.1300825477,0.01172720302,11.0923762,6.803828809e-12,0.1300825477,0,0,0,0,0,0,0,1,0,3.134189683e-05,0,0
restrike250,C,0.1031245142,0.006619693258,15.57844302,8.66162332e-12,0.1031245142,0,0,0,0,0,0,0,1,0,8.961444109e-06,0,0
roll,A,0.1143816337,0.02797689728,4.0884317,6.423700446e-11,0.1143816337,0,0,0,0,0,0,0,1,0,0.0002144726604,0,0
roll,B,0.146647498,0.02714413014,5.40254918,7.725126731e-11,0.146647498,0,0,0,0,0,0,0,1,0,0.0001110712983,0,0
roll,C,0.1171641424,0.01557499106,7.522581683,2.515056015e-11,0.1171641424,0,0,0,0,0,0,0,1,0,3.195669706e-05,0,0
steal,A,0.2761757374,0.02615057949,10.56097963,8.496219941e-06,0.2761757374,0,0,0,0,0,0,0,8,8,7.643491699e-05,0,0
steal,B,0.2806174755,0.02406345614,11.66156158,8.503255798e-06,0.2806174755,0,0,0,0,0,0,0,8,8,3.950450264e-05,0,0
steal,C,0.2088213861,0.01393301705,14.98752103,4.942278235e-06,0.2088213861,0,0,0,0,0,0,0,8,8,1.136367337e-05,0,0
kalimba_D4_v70,K,0.363347441,0.0365712564,9.935328361,3.443385251e-05,0.363347441,0,0,0,0,0,0,0,1,0,0.00100129575,0,-19.0587055
kalimba_D4_v110,K,0.5929041505,0.05634864142,10.52206647,5.362193316e-05,0.5929041505,0,0,0,0,0,0,0,1,0,0.00153379282,0,-15.7213974
